entity_id,year,value,citation,definition_note,sex,provisional,quality_code,reference_range
ussr,1974,18,"UN Demographic Yearbook 1978, Table 9 (Live births and crude live-birth rates by urban/rural residence, 1974-1978), the entity's Total row as printed (4,546,095 live births); rate per 1,000 population as printed by the UNSD","Text-layer read verified (row line 18750); cross-checked: the same edition's Table 4 prints CBR 18.1 for 1977. Soviet live-birth definition (UN DYB 1978 Table 9 footnote 37 / Table 15 footnote 33: excludes infants born alive after less than 28 weeks' gestation, under 1 000 g, under 35 cm, dying within seven days of birth) - the same definitional caveat as the curated official USSR IMR series",,false,C,
ussr,1975,18.1,"UN Demographic Yearbook 1978, Table 9 (Live births and crude live-birth rates by urban/rural residence, 1974-1978), the entity's Total row as printed (4,611,453 live births); rate per 1,000 population as printed by the UNSD","Text-layer read verified (row line 18750); cross-checked: the same edition's Table 4 prints CBR 18.1 for 1977. Soviet live-birth definition (UN DYB 1978 Table 9 footnote 37 / Table 15 footnote 33: excludes infants born alive after less than 28 weeks' gestation, under 1 000 g, under 35 cm, dying within seven days of birth) - the same definitional caveat as the curated official USSR IMR series",,false,C,
ussr,1976,18.4,"UN Demographic Yearbook 1978, Table 9 (Live births and crude live-birth rates by urban/rural residence, 1974-1978), the entity's Total row as printed (4,719,655 live births); rate per 1,000 population as printed by the UNSD","Text-layer read verified (row line 18750); cross-checked: the same edition's Table 4 prints CBR 18.1 for 1977. Soviet live-birth definition (UN DYB 1978 Table 9 footnote 37 / Table 15 footnote 33: excludes infants born alive after less than 28 weeks' gestation, under 1 000 g, under 35 cm, dying within seven days of birth) - the same definitional caveat as the curated official USSR IMR series",,false,C,
ussr,1977,18.1,"UN Demographic Yearbook 1978, Table 9 (Live births and crude live-birth rates by urban/rural residence, 1974-1978), the entity's Total row as printed (4,693,369 live births); rate per 1,000 population as printed by the UNSD","Text-layer read verified (row line 18750); cross-checked: the same edition's Table 4 prints CBR 18.1 for 1977. Soviet live-birth definition (UN DYB 1978 Table 9 footnote 37 / Table 15 footnote 33: excludes infants born alive after less than 28 weeks' gestation, under 1 000 g, under 35 cm, dying within seven days of birth) - the same definitional caveat as the curated official USSR IMR series",,false,C,
byelorussian_ssr,1974,15.8,"UN Demographic Yearbook 1978, Table 9 (Live births and crude live-birth rates by urban/rural residence, 1974-1978), the entity's Total row as printed (146,876 live births); rate per 1,000 population as printed by the UNSD","Text-layer read verified (row line 18751); cross-checked: the same edition's Table 4 prints CBR 15.8 for 1977. Soviet live-birth definition (UN DYB 1978 Table 9 footnote 37 / Table 15 footnote 33: excludes infants born alive after less than 28 weeks' gestation, under 1 000 g, under 35 cm, dying within seven days of birth) - the same definitional caveat as the curated official USSR IMR series",,false,C,
byelorussian_ssr,1975,15.7,"UN Demographic Yearbook 1978, Table 9 (Live births and crude live-birth rates by urban/rural residence, 1974-1978), the entity's Total row as printed (146,517 live births); rate per 1,000 population as printed by the UNSD","Text-layer read verified (row line 18751); cross-checked: the same edition's Table 4 prints CBR 15.8 for 1977. Soviet live-birth definition (UN DYB 1978 Table 9 footnote 37 / Table 15 footnote 33: excludes infants born alive after less than 28 weeks' gestation, under 1 000 g, under 35 cm, dying within seven days of birth) - the same definitional caveat as the curated official USSR IMR series",,false,C,
byelorussian_ssr,1976,15.7,"UN Demographic Yearbook 1978, Table 9 (Live births and crude live-birth rates by urban/rural residence, 1974-1978), the entity's Total row as printed (147,900 live births); rate per 1,000 population as printed by the UNSD","Text-layer read verified (row line 18751); cross-checked: the same edition's Table 4 prints CBR 15.8 for 1977. Soviet live-birth definition (UN DYB 1978 Table 9 footnote 37 / Table 15 footnote 33: excludes infants born alive after less than 28 weeks' gestation, under 1 000 g, under 35 cm, dying within seven days of birth) - the same definitional caveat as the curated official USSR IMR series",,false,C,
byelorussian_ssr,1977,15.8,"UN Demographic Yearbook 1978, Table 9 (Live births and crude live-birth rates by urban/rural residence, 1974-1978), the entity's Total row as printed (149,000 live births); rate per 1,000 population as printed by the UNSD","Text-layer read verified (row line 18751); cross-checked: the same edition's Table 4 prints CBR 15.8 for 1977. Soviet live-birth definition (UN DYB 1978 Table 9 footnote 37 / Table 15 footnote 33: excludes infants born alive after less than 28 weeks' gestation, under 1 000 g, under 35 cm, dying within seven days of birth) - the same definitional caveat as the curated official USSR IMR series",,false,C,
ukrainian_ssr,1974,15.2,"UN Demographic Yearbook 1978, Table 9 (Live births and crude live-birth rates by urban/rural residence, 1974-1978), the entity's Total row as printed (736,616 live births); rate per 1,000 population as printed by the UNSD","Text-layer read verified (row line 18753); cross-checked: the same edition's Table 4 prints CBR 14.7 for 1977. Soviet live-birth definition (UN DYB 1978 Table 9 footnote 37 / Table 15 footnote 33: excludes infants born alive after less than 28 weeks' gestation, under 1 000 g, under 35 cm, dying within seven days of birth) - the same definitional caveat as the curated official USSR IMR series",,false,C,
ukrainian_ssr,1975,15.1,"UN Demographic Yearbook 1978, Table 9 (Live births and crude live-birth rates by urban/rural residence, 1974-1978), the entity's Total row as printed (738,857 live births); rate per 1,000 population as printed by the UNSD","Text-layer read verified (row line 18753); cross-checked: the same edition's Table 4 prints CBR 14.7 for 1977. Soviet live-birth definition (UN DYB 1978 Table 9 footnote 37 / Table 15 footnote 33: excludes infants born alive after less than 28 weeks' gestation, under 1 000 g, under 35 cm, dying within seven days of birth) - the same definitional caveat as the curated official USSR IMR series",,false,C,
ukrainian_ssr,1976,15.2,"UN Demographic Yearbook 1978, Table 9 (Live births and crude live-birth rates by urban/rural residence, 1974-1978), the entity's Total row as printed (747,069 live births); rate per 1,000 population as printed by the UNSD","Text-layer read verified (row line 18753); cross-checked: the same edition's Table 4 prints CBR 14.7 for 1977. Soviet live-birth definition (UN DYB 1978 Table 9 footnote 37 / Table 15 footnote 33: excludes infants born alive after less than 28 weeks' gestation, under 1 000 g, under 35 cm, dying within seven days of birth) - the same definitional caveat as the curated official USSR IMR series",,false,C,
ukrainian_ssr,1977,14.7,"UN Demographic Yearbook 1978, Table 9 (Live births and crude live-birth rates by urban/rural residence, 1974-1978), the entity's Total row as printed (726,217 live births); rate per 1,000 population as printed by the UNSD","Text-layer read verified (row line 18753); cross-checked: the same edition's Table 4 prints CBR 14.7 for 1977. Soviet live-birth definition (UN DYB 1978 Table 9 footnote 37 / Table 15 footnote 33: excludes infants born alive after less than 28 weeks' gestation, under 1 000 g, under 35 cm, dying within seven days of birth) - the same definitional caveat as the curated official USSR IMR series",,false,C,
czechoslovakia,1974,19.9,"UN Demographic Yearbook 1978, Table 9 (Live births and crude live-birth rates by urban/rural residence, 1974-1978), the entity's Total row as printed (291,800 live births); rate per 1,000 population as printed by the UNSD",Text-layer read verified (row line 18655); cross-checked: the same edition's Table 4 prints CBR 18.4 for 1978,,false,C,
czechoslovakia,1975,19.6,"UN Demographic Yearbook 1978, Table 9 (Live births and crude live-birth rates by urban/rural residence, 1974-1978), the entity's Total row as printed (289,425 live births); rate per 1,000 population as printed by the UNSD",Text-layer read verified (row line 18655); cross-checked: the same edition's Table 4 prints CBR 18.4 for 1978,,false,C,
czechoslovakia,1976,19.3,"UN Demographic Yearbook 1978, Table 9 (Live births and crude live-birth rates by urban/rural residence, 1974-1978), the entity's Total row as printed (287,192 live births); rate per 1,000 population as printed by the UNSD",Text-layer read verified (row line 18655); cross-checked: the same edition's Table 4 prints CBR 18.4 for 1978,,false,C,
czechoslovakia,1977,18.7,"UN Demographic Yearbook 1978, Table 9 (Live births and crude live-birth rates by urban/rural residence, 1974-1978), the entity's Total row as printed (281,722 live births); rate per 1,000 population as printed by the UNSD",Text-layer read verified (row line 18655); cross-checked: the same edition's Table 4 prints CBR 18.4 for 1978; printed with '*' = provisional (the edition's own legend),,true,C,
czechoslovakia,1978,18.4,"UN Demographic Yearbook 1978, Table 9 (Live births and crude live-birth rates by urban/rural residence, 1974-1978), the entity's Total row as printed (278,250 live births); rate per 1,000 population as printed by the UNSD",Text-layer read verified (row line 18655); cross-checked: the same edition's Table 4 prints CBR 18.4 for 1978; printed with '*' = provisional (the edition's own legend),,true,C,
east_germany,1974,10.6,"UN Demographic Yearbook 1978, Table 9 (Live births and crude live-birth rates by urban/rural residence, 1974-1978), the entity's Total row as printed (179,127 live births); rate per 1,000 population as printed by the UNSD","Text-layer read verified (row line 18661); cross-checked: the same edition's Table 4 prints CBR 13.9 for 1978. Berlin as printed (Table 15 footnote 24: FRG and GDR data include the relevant Berlin data for which separate data have not been supplied, without prejudice to any question of status)",,false,C,
east_germany,1975,10.8,"UN Demographic Yearbook 1978, Table 9 (Live births and crude live-birth rates by urban/rural residence, 1974-1978), the entity's Total row as printed (181,798 live births); rate per 1,000 population as printed by the UNSD","Text-layer read verified (row line 18661); cross-checked: the same edition's Table 4 prints CBR 13.9 for 1978. Berlin as printed (Table 15 footnote 24: FRG and GDR data include the relevant Berlin data for which separate data have not been supplied, without prejudice to any question of status)",,false,C,
east_germany,1976,11.6,"UN Demographic Yearbook 1978, Table 9 (Live births and crude live-birth rates by urban/rural residence, 1974-1978), the entity's Total row as printed (195,483 live births); rate per 1,000 population as printed by the UNSD","Text-layer read verified (row line 18661); cross-checked: the same edition's Table 4 prints CBR 13.9 for 1978. Berlin as printed (Table 15 footnote 24: FRG and GDR data include the relevant Berlin data for which separate data have not been supplied, without prejudice to any question of status)",,false,C,
east_germany,1977,13.3,"UN Demographic Yearbook 1978, Table 9 (Live births and crude live-birth rates by urban/rural residence, 1974-1978), the entity's Total row as printed (223,152 live births); rate per 1,000 population as printed by the UNSD","Text-layer read verified (row line 18661); cross-checked: the same edition's Table 4 prints CBR 13.9 for 1978. Berlin as printed (Table 15 footnote 24: FRG and GDR data include the relevant Berlin data for which separate data have not been supplied, without prejudice to any question of status); printed with '*' = provisional (the edition's own legend)",,true,C,
east_germany,1978,13.9,"UN Demographic Yearbook 1978, Table 9 (Live births and crude live-birth rates by urban/rural residence, 1974-1978), the entity's Total row as printed (232,151 live births); rate per 1,000 population as printed by the UNSD","Text-layer read verified (row line 18661); cross-checked: the same edition's Table 4 prints CBR 13.9 for 1978. Berlin as printed (Table 15 footnote 24: FRG and GDR data include the relevant Berlin data for which separate data have not been supplied, without prejudice to any question of status); printed with '*' = provisional (the edition's own legend)",,true,C,
yugoslavia_sfr,1974,18.1,"UN Demographic Yearbook 1978, Table 9 (Live births and crude live-birth rates by urban/rural residence, 1974-1978), the entity's Total row as printed (382,947 live births); rate per 1,000 population as printed by the UNSD",Text-layer read verified (row line 18717); cross-checked: the same edition's Table 4 prints CBR 17.4 for 1978,,false,C,
yugoslavia_sfr,1975,18.2,"UN Demographic Yearbook 1978, Table 9 (Live births and crude live-birth rates by urban/rural residence, 1974-1978), the entity's Total row as printed (388,037 live births); rate per 1,000 population as printed by the UNSD",Text-layer read verified (row line 18717); cross-checked: the same edition's Table 4 prints CBR 17.4 for 1978,,false,C,
yugoslavia_sfr,1976,18.1,"UN Demographic Yearbook 1978, Table 9 (Live births and crude live-birth rates by urban/rural residence, 1974-1978), the entity's Total row as printed (390,487 live births); rate per 1,000 population as printed by the UNSD",Text-layer read verified (row line 18717); cross-checked: the same edition's Table 4 prints CBR 17.4 for 1978,,false,C,
yugoslavia_sfr,1977,17.7,"UN Demographic Yearbook 1978, Table 9 (Live births and crude live-birth rates by urban/rural residence, 1974-1978), the entity's Total row as printed (384,808 live births); rate per 1,000 population as printed by the UNSD",Text-layer read verified (row line 18717); cross-checked: the same edition's Table 4 prints CBR 17.4 for 1978; printed with '*' = provisional (the edition's own legend),,true,C,
yugoslavia_sfr,1978,17.4,"UN Demographic Yearbook 1978, Table 9 (Live births and crude live-birth rates by urban/rural residence, 1974-1978), the entity's Total row as printed (380,816 live births); rate per 1,000 population as printed by the UNSD",Text-layer read verified (row line 18717); cross-checked: the same edition's Table 4 prints CBR 17.4 for 1978; printed with '*' = provisional (the edition's own legend),,true,C,
