entity_id,year,value,citation,definition_note
netherlands,2001,2001,"Marriage Act amendment (Wet van 28 december 2000 tot wijziging van Boek 1 van het Burgerlijk Wetboek), in force 2001-04-01 — first national same-sex marriage law in the world; Pew Research Center marriage-equality timeline; Wikipedia 'Timeline of same-sex marriage' (consensus dating, cross-checked against the statute)","Year = the national law's entry into force (effective year, not signature year)"
belgium,2003,2003,"Law of 2003-02-13 opening marriage to same-sex partners (in force 2003-06-01); Pew Research marriage-equality timeline; Belgian Senate record","Year = effective year of the national statute"
spain,2005,2005,"Ley 13/2005 de 1 de julio (BOE 2005-07-02, in force 2005-07-03); Pew Research timeline; BOE (Boletín Oficial del Estado) record","Year = effective year of the national statute"
canada,2005,2005,"Civil Marriage Act, S.C. 2005, c. 33 (royal assent 2005-07-20), following provincial court decisions and provincial laws 2003-2005; Pew Research timeline; Justice Canada record","Year = the national statute (the uniform federal law); provincial laws preceded it 2003-2005"
south_africa,2006,2006,"Civil Union Act 17 of 2006 (in force 2006-11-30), following Minister of Home Affairs v Fourie (Constitutional Court, 2005-12-01); Pew Research timeline; South African Government record","Year = effective year of the national statute (court ruling 2005)"
norway,2009,2009,"Marriage Law amendment (in force 2009-01-01) adopting gender-neutral marriage; Pew Research timeline; Storting record","Year = effective year of the national statute"
sweden,2009,2009,"Law 2009:311 on gender-neutral marriage (in force 2009-05-01); Pew Research timeline; Riksdag record","Year = effective year of the national statute"
portugal,2010,2010,"Lei n.º 9/2010 de 31 de maio (in force 2010-06-05); Pew Research timeline; Diário da República record","Year = effective year of the national statute"
iceland,2010,2010,"Law 65/2010 on gender-neutral marriage (in force 2010-06-27); Pew Research timeline; Althingi record","Year = effective year of the national statute"
argentina,2010,2010,"Ley 26.618 de matrimonio igualitario (in force 2010-07-15) — first in Latin America; Pew Research timeline; Boletín Oficial record","Year = effective year of the national statute"
denmark,2012,2012,"Marriage law of 2012-06-07 (in force 2012-06-15); Pew Research timeline; Folketing record; registered partnership (first in the world) since 1989 — marriage itself 2012","Year = effective year of the national marriage statute (registered partnership 1989)"
uruguay,2013,2013,"Ley 19.075 (promulgated 2013-05-03, in force 2013-08-05); Pew Research timeline; Poder Legislativo record","Year = effective year of the national statute"
new_zealand,2013,2013,"Marriage (Definition of Marriage) Amendment Act 2013 (in force 2013-08-19); Pew Research timeline; NZ Legislation record","Year = effective year of the national statute"
france,2013,2013,"Loi 2013-404 du 17 mai 2013 ouvrant le mariage aux couples de personnes de même sexe (mariage pour tous); Légifrance record; Pew Research timeline — the 2013 marker Todd's La Défaite de l'Occident chain reads","Year = effective year of the national statute (loi promulguée 17 mai 2013)"
brazil,2013,2013,"Resolução CNJ nº 175/2013 (in force 2013-05-14) unifying civil-registry marriage nationwide; Pew Research timeline; CNJ record; several state courts 2011-2012 preceded it","Year = the national uniformity resolution (state-level marriages 2011-2012)"
luxembourg,2015,2015,"Law of 2014-12-18 on marriage for all (in force 2015-01-01); Pew Research timeline; Mémorial A record","Year = effective year of the national statute"
ireland,2015,2015,"Marriage Act 2015 following the 2015-05-22 referendum (62.1% yes) — first by popular vote; Pew Research timeline; Oireachtas record","Year = the referendum year (statute followed the same year)"
mexico,2015,2015,"Código Civil Federal amendment of 2015-06-03 defining concubinage gender-neutrally nationwide; Mexico City first in 2010 (Ley de Sociedad de Convivencia amendment); Pew Research timeline","Year = the federal-level uniformity year; jurisdictional marriages 2010 onward"
united_states,2015,2015,"Obergefell v. Hodges, 576 U.S. 644 (decided 2015-06-26) — nationwide; Massachusetts first (2004, Goodridge); Pew Research timeline; Supreme Court record","Year = the nationwide court ruling; state laws and rulings 2004-2014"
colombia,2016,2016,"Corte Constitucional Sentencia 646/2016 (2016-04-07) with statutory registration; Pew Research timeline; Corte Constitucional record","Year = the nationwide constitutional ruling"
germany,2017,2017,"Gesetz zur Einführung der Ehe für Personen verschiedenen Geschlechts (Ehe für alle), in force 2017-10-01; Pew Research timeline; Bundesgesetzblatt record","Year = effective year of the national statute"
australia,2017,2017,"Marriage Amendment (Definition and Religious Freedoms) Act 2017 (in force 2017-12-09) following the 2017-11-07 postal survey (61.6% yes); Pew Research timeline; Federal Register of Legislation","Year = effective year of the national statute (postal survey the same year)"
austria,2019,2019,"Verfassungsgerichtshof Erkenntnis of 2017-12-04 ordering marriage equality effective 2019-01-01; Pew Research timeline; VfGH record","Year = the court-ordered effective date"
taiwan_province_of_china,2019,2019,"Act on Implementation of J.Y. Interpretation No. 748 (in force 2019-05-24) — first in Asia; Pew Research timeline; Legislative Yuan record","Year = effective year of the national statute (Constitutional Court interpretation 2017)"
ecuador,2019,2019,"Corte Constitucional Sentencia 11-18-CN/2019 (2019-06-12, effective 2019-07-08); Pew Research timeline; Corte Constitucional record","Year = the nationwide constitutional ruling"
costa_rica,2020,2020,"Sala Constitucional Sentencia 2018-1556 (2018-08-08) effective with the national registry opening 2020-05-26 (Americas' first country via IACHR advisory opinion compliance); Pew Research timeline","Year = the effective nationwide registry opening (ruling 2018)"
chile,2022,2022,"Ley 21.400 (in force 2022-03-10); Pew Research timeline; Biblioteca del Congreso Nacional record","Year = effective year of the national statute"
switzerland,2022,2022,"Marriage-for-all law of 2020-12-18 approved by the 2021-09-26 referendum (64.1% yes), in force 2022-07-01; Pew Research timeline; Federal Gazette record","Year = effective year (referendum approval 2021)"
slovenia,2022,2022,"Marriage-equality amendment to the Family Code adopted 2022-07-21; constitutional challenges rejected 2023; first applications registered 2023; registered partnership history since 2006; Pew Research timeline","Year = the adoption year of the national statute (implementation 2023)"
estonia,2024,2024,"Rahvusvahelise kaitse punkti seaduse ja sellega seonduvate seaduste muutmise seadus (family-law amendment), in force 2024-01-01 — first ex-USSR state; Pew Research timeline; Riigi Teataja record","Year = effective year of the national statute"
greece,2024,2024,"Law 5089/2024 on marriage equality (in force 2024-02-15) — first Orthodox-Christian-majority country; Pew Research timeline; Hellenic Parliament record","Year = effective year of the national statute"
liechtenstein,2025,2025,"Ehe für alle law of 2024-05-16 (adopted), effective 2025-01-01; Pew Research timeline; Landtag record","Year = effective year of the national statute"
thailand,2025,2025,"Marriage Equality Act B.E. 2567 (2024) (published 2024-09-24, royal assent 2024-09-24, in force 2025-01-23) — first in Southeast Asia; Pew Research timeline; Royal Gazette record","Year = effective year of the national statute"
