id,label,family,book,citation_count,status,notes
birth_rate_fertility,Birth rate / total fertility rate,society,Après l'Empire (2002),20,not_implemented,"World TFR decline 1981-2001, INED tables (~40 + 36 countries), sharp Muslim-world/Central-Asia variation."
infant_mortality,Infant mortality per 1000,mortality,Après l'Empire (2002),3,not_implemented,US Black/white infant mortality gap widening late 1990s; Russia post-Soviet arc 1990-1999 (INED 35-point series).
homicide_rate,"Homicide rate per 100,000",mortality,Après l'Empire (2002),3,not_implemented,"UN table, 24 countries, 1994-99 (Russia 23, Colombia 73, US 6.6, Japan 0.6)."
consanguineous_marriage_rate,Consanguineous (first-cousin) marriage rate,society,Après l'Empire (2002),2,not_implemented,"DHS table, 18 countries, early 1990s (Sudan 57% to Turkey 15%)."
suicide_rate,"Suicide rate per 100,000",mortality,Après l'Empire (2002),2,not_implemented,"23-country table (Russia 35.3, Baltic states ~33, Muslim countries near zero)."
life_expectancy,"Life expectancy (male, Russia series)",mortality,Après l'Empire (2002),2,not_implemented,"Russian male life expectancy collapse and partial recovery, 1965-1999 (INED)."
top_income_share,"Income shares of top groups, US 1980->2000",economy,Après l'Empire (2002),1,not_implemented,"US top-5%/quintile income shares, 1980->2000, rising concentration."
birth_rate_fertility,"Total fertility rate (period indicator), France",society,Après la démocratie (2008),2,not_implemented,France-specific fertility series.
infant_mortality,Infant mortality rate (per 1000),mortality,Après la démocratie (2008),2,not_implemented,"France + brief France/USA comparison, departmental breakdown."
male_height_trend,"Average height of 20-year-old men, France 1900-2005",society,Après la démocratie (2008),1,not_implemented,"Average height of French men, +10cm, 1900-2005."
unemployment_rate,"Unemployment rate series, France 1975-2008",economy,Après la démocratie (2008),1,not_implemented,France vs Germany comparison.
illegitimate_births,"Out-of-wedlock births, France 1968-2004",society,Après la démocratie (2008),1,not_implemented,"France, 1968-2004, out-of-wedlock birth share."
life_expectancy,"Life expectancy at birth by sex, France 1990-2007",mortality,Après la démocratie (2008),1,not_implemented,France-specific series.
homicide_rate,"Homicide rate per 100,000 (France + international)",mortality,Après la démocratie (2008),1,not_implemented,France + genuine international comparison (UK/Germany/Sweden/US/Mexico/Russia/Colombia).
homicide_rate,Homicide rate,mortality,La Défaite de l'Occident (2024),7,not_implemented,"Russia 2000-2020 citation, reinforcing."
infant_mortality,Infant mortality rate,mortality,La Défaite de l'Occident (2024),6,not_implemented,Reinforcing citation.
life_expectancy,"Life expectancy: Germany, France, Italy above the US",mortality,La Défaite de l'Occident (2024),6,not_implemented,Reinforcing citation.
birth_rate_fertility,Birth rate / fertility,society,La Défaite de l'Occident (2024),13,not_implemented,Russia/Ukraine 1995-2020 + Bangalore fertility-under-patriliny point.
cirrhosis_alcohol_mortality,"Alcohol-related deaths, absolute",mortality,La Défaite de l'Occident (2024),2,not_implemented,"Russia 2000-2017, rate and counts."
consanguineous_marriage_rate,"Consanguineous / cousin-marriage rate, Karnataka",society,La Défaite de l'Occident (2024),1,not_implemented,Muslim-world citation.
gini_index,Gini inequality index,economy,La Défaite de l'Occident (2024),1,not_implemented,Distribution measure (not level); US-focused citation.
incarceration_rate,"Incarceration rate, six-country comparison",society,La Défaite de l'Occident (2024),1,not_implemented,6-country comparison (US/Russia/UK/France/Germany/Japan).
obesity_rate,"Obesity among college-educated, US vs France",mortality,La Défaite de l'Occident (2024),3,not_implemented,"CDC-sourced, US health-paradox argument."
same_sex_marriage_legalization_year,Same-sex marriage legalization year (Christianity 'state zero' marker),markers,La Défaite de l'Occident (2024),13,not_implemented,Dated per-country legalization; Todd's 'religion zero' marker (2015 -> Trump -> Ukraine war chain).
secondary_education_share,Secondary-educated share of age cohort 70-74 (Barro-Lee),society,La Défaite de l'Occident (2024),6,not_implemented,"Barro-Lee panel, Poland/Hungary."
suicide_rate,Suicide rate,mortality,La Défaite de l'Occident (2024),3,not_implemented,Russia 2000-2021.
tertiary_education_share,Tertiary-educated share of age cohort 70-74 (Barro-Lee),society,La Défaite de l'Occident (2024),8,not_implemented,"Barro-Lee panel, Russia/USA/Poland."
top_income_share,"Pre-tax income share, top 1% and next 9%",economy,La Défaite de l'Occident (2024),3,not_implemented,"Russia/USA/France, WID data."
infant_mortality,"Infant mortality: stylized historical vs modern level; US by race and France/DOM benchmark, 1988-1990",mortality,Le Destin des immigrés (1994),7,not_implemented,US Black/white + France/UK ethnic groups + historical Europe.
homicide_rate,"Male homicide deaths per 100,000, US whites vs Blacks, 1989",mortality,Le Destin des immigrés (1994),1,not_implemented,"US white/Black, 1989."
immigration_stock,"Maghreb, Turkish, Portuguese populations — France/UK/Germany 1946–1990 (+ 4 distribution maps)",demography,Le Destin des immigrés (1994),11,not_implemented,"France/UK/Germany immigrant population by origin, 1946-1990, official censuses."
industrial_employment_share,Employment share of mines/manufacturing/construction/transport (Britain 1841) and of mines/industry/building by nationality (Germany 1987 census),economy,Le Destin des immigrés (1994),2,not_implemented,"UK/Germany, by nationality."
agricultural_employment_share,"Agricultural employment/population share (Britain 1841, USA 1841, Turkey 1985)",economy,Le Destin des immigrés (1994),2,not_implemented,"UK/USA/Turkey, 1841-1985."
consanguineous_marriage_rate,"Consanguineous / first-cousin marriage rates (Europe, Quebec, Jews, Gypsies, Arab world, Maghreb)",demography,Le Destin des immigrés (1994),16,not_implemented,Extensive citations across dozens of countries/communities.
unemployment_rate,"Unemployment rate of Turks and Yugoslavs vs Germans, FRG 1987 census",economy,Le Destin des immigrés (1994),1,not_implemented,"Germany, by nationality, 1987."
birth_rate_fertility,Crude birth rate by community in colonial Algeria (1898) and Muslim rate to 1960,demography,Le Destin des immigrés (1994),2,not_implemented,"Colonial Algeria, by community, 1898-1960."
birth_rate_fertility,Birth rate / fertility,society,L'enfance du monde (1984),13,not_implemented,Europe 19th-c. transition + China 1953-79 + Java/Sumatra/Andes.
infant_mortality,Infant mortality,mortality,L'enfance du monde (1984),1,not_implemented,"~50-country annex table, c.1978 (WDR source)."
life_expectancy,Life expectancy,mortality,L'enfance du monde (1984),2,not_implemented,~50-country annex table + Sri Lanka trend.
consanguineous_marriage_rate,Consanguineous (first-cousin) marriage rate,society,L'enfance du monde (1984),1,not_implemented,Iran citation.
suicide_rate,Suicide rate,mortality,Le Fou et le Prolétaire (1979),38,not_implemented,Core indicator; France 1835-1977 + European table + class breakdowns.
homicide_rate,Homicide rate,mortality,Le Fou et le Prolétaire (1979),5,not_implemented,Europe c.1880-1900 + French départements + Corsica.
cirrhosis_alcohol_mortality,Cirrhosis / alcohol-related mortality,mortality,Le Fou et le Prolétaire (1979),5,not_implemented,"France vs USA/Germany/Italy, class breakdown."
birth_rate_fertility,Birth rate / fertility,society,Le Fou et le Prolétaire (1979),4,not_implemented,"France/Germany/England/Sweden TFR trends, 1965-77."
infant_mortality,Infant mortality rate,mortality,Le Fou et le Prolétaire (1979),3,not_implemented,"5-country table, 1975 + French class + German regional data."
life_expectancy,Life expectancy,mortality,Le Fou et le Prolétaire (1979),1,not_implemented,"France by social class, 1977 (INED)."
road_accident_mortality,Road accident mortality (deaths per 1M vehicles),mortality,Le Fou et le Prolétaire (1979),4,not_implemented,"WHO 13-country table, 1974, per 1M vehicles."
illegitimate_births,Illegitimate births (share of births),society,Le Fou et le Prolétaire (1979),5,not_implemented,"France regional trends 1900-1973, England 1835."
industrial_employment_share,Active population employed in industry (%),economy,L'illusion économique (1998),3,not_implemented,"US/Germany/Japan/UK/France/Italy, 1971-1994."
unemployment_rate,Unemployment level (France 3 million threshold),economy,L'illusion économique (1998),3,not_implemented,France 1998-99 + US ~5% + Germany 1991-96.
gini_index,Gini coefficient (income distribution),economy,L'illusion économique (1998),3,not_implemented,"15-country OECD table, 1995."
top_income_share,Share of total income by fractile (US),economy,L'illusion économique (1998),1,not_implemented,"US income share by quintile, 1973->1990."
tertiary_education_share,Share of each US cohort obtaining a BA (Bac+3 equivalent),society,L'illusion économique (1998),5,not_implemented,"US BA share by birth cohort, 1900-1965."
math_test_scores,TIMSS 8th-grade mathematics mean scores,education,L'illusion économique (1998),3,not_implemented,"TIMSS 8th-grade, 19 countries, OECD source."
birth_rate_fertility,Birth rate / fertility,society,L'illusion économique (1998),2,not_implemented,Germany/England/France/Italy TFR trend to 1997.
incarceration_rate,US adults on probation / in jail or prison / on parole,society,L'illusion économique (1998),1,not_implemented,"US correctional-population growth 1980-1993 (see note: total correctional population, not strict incarceration)."
infant_mortality,Infant mortality rate,mortality,L'illusion économique (1998),4,not_implemented,"22-country OECD table, 1994, US relative decline."
homicide_rate,"US homicide rate (per 100,000 inhabitants)",mortality,L'illusion économique (1998),1,not_implemented,US 1993 vs Europe/Japan.
life_expectancy,"Female life expectancy (years, 1996)",mortality,L'illusion économique (1998),1,not_implemented,"Female life expectancy 1996, 5 countries."
infant_mortality,Infant mortality rate,mortality,La Chute finale (1976/1990),15,not_implemented,Central pivot metric; Soviet rise 1970-76 + publication blackout. Already in config/indicators/.
suicide_rate,Suicide rate,mortality,La Chute finale (1976/1990),15,not_implemented,7-country comparative table.
birth_rate_fertility,Birth rate / fertility,society,La Chute finale (1976/1990),10,not_implemented,USSR/RSFSR long-run series 1913-76 + Central Asia differential.
life_expectancy,Life expectancy at birth,mortality,La Chute finale (1976/1990),5,not_implemented,Male/female longevity gap. Already in config/indicators/.
homicide_rate,Homicide rate,mortality,La Chute finale (1976/1990),3,not_implemented,Cited jointly with suicide as 'rising violent deaths' signature. Already in config/indicators/.
cirrhosis_alcohol_mortality,Cirrhosis / alcohol-related mortality,mortality,La Chute finale (1976/1990),2,not_implemented,"France vs Sweden benchmark, used to calibrate Soviet alcoholism scale."
consanguineous_marriage_rate,First-cousin marriage frequency (Muslim world),society,La nouvelle France (1988),1,not_implemented,Muslim-world citation (10-30% range).
secondary_education_share,Share holding baccalauréat or higher by age group (1982),society,La nouvelle France (1988),1,not_implemented,"French baccalauréat share by age group, 1982 census."
birth_rate_fertility,Fertility index (France and regions),society,La nouvelle France (1988),3,not_implemented,"French regional fertility index, 1976-87."
suicide_rate,Suicide rate increase,mortality,La nouvelle France (1988),1,not_implemented,"France, +46%, 1970-84."
infant_mortality,Infant mortality (qualitative level),mortality,La nouvelle France (1988),1,not_implemented,"Qualitative ('très bas'), no rate printed."
industrial_employment_share,Industrial employment share (maps and census),economy,La nouvelle France (1988),4,not_implemented,"French census, 1975-1982 decline."
suicide_rate,Suicide rate,mortality,La troisième planète (1983),9,not_implemented,17-entity master table by family type; flagship indicator.
birth_rate_fertility,Birth rate / fertility,society,La troisième planète (1983),4,not_implemented,Cuba/Argentina/Spain triplet + India regions + anomie-zone table.
illegitimate_births,Illegitimate births (share of births),society,La troisième planète (1983),3,not_implemented,"Master table by family type, ~30 European values."
homicide_rate,Homicide rate,mortality,La troisième planète (1983),2,not_implemented,US/Mexico + Asia WHO table.
consanguineous_marriage_rate,First-cousin (consanguineous) marriage frequency,society,La troisième planète (1983),1,not_implemented,World-scale range cited (0-60%).
life_expectancy,Life expectancy,mortality,La troisième planète (1983),1,not_implemented,"Cuba/Argentina/Spain triplet, c.1970."
suicide_rate,Suicide rate,mortality,L'invention de la France (2012),3,not_implemented,"Mostly map-based (1875-85, 1934); class table 1955-65."
infant_mortality,Infant mortality rate,mortality,L'invention de la France (2012),5,not_implemented,Strongest indicator in this book; 19th-c. departmental data + foundling mortality.
birth_rate_fertility,Birth rate / fertility,society,L'invention de la France (2012),2,not_implemented,Cartographic/dating focus; 1975 department map.
illegitimate_births,Illegitimate births (share of births),society,L'invention de la France (2012),2,not_implemented,Bavaria/Carinthia/Paris/Alsace regional data.
life_expectancy,Life expectancy,mortality,L'invention de la France (2012),1,not_implemented,"Brittany vs Languedoc, 1975, 8-year regional gap."
homicide_rate,Homicide rate,mortality,L'invention de la France (2012),1,not_implemented,1875-85 map; stable violence geography over two centuries.
cirrhosis_alcohol_mortality,Cirrhosis / alcohol-related mortality,mortality,L'invention de la France (2012),0,not_implemented,"Mapped, 1975; Nord/Pas-de-Calais highest."
industrial_employment_share,"Industry share of active population, c.1880 (map) and c.1970 (map) + country values",economy,L'invention de l'Europe (1990),20,not_implemented,"Multiple European maps/tables, 1880-1987, several countries."
unemployment_rate,"Unemployment rate, Austria 1930–1934 and Belgian industry 1934",economy,L'invention de l'Europe (1990),3,not_implemented,"Austria 1930-34, Belgium/Germany/US interwar."
infant_mortality,"Infant mortality, France 1750→1910→1980s",mortality,L'invention de l'Europe (1990),1,not_implemented,France 1750->1910->1980s; 'mass suffering' disappearance argument.
suicide_rate,"Map 10 « Le suicide vers 1970 » — annual suicide rate per 100 000, class thresholds (legend only)",mortality,L'invention de l'Europe (1990),2,not_implemented,Map-based (1970); Portugal/Andalusia qualitative note.
birth_rate_fertility,"Crude birth rate milestones: France < 30/1 000, Europe 30–38/1 000 (19th c.)",society,L'invention de l'Europe (1990),5,not_implemented,France/Germany/England 19th-c. threshold crossings (Festy/Chesnais/Teitelbaum).
illegitimate_births,"Map 11 « Les enfants naturels vers 1975 » — illegitimate births as % of live births, class thresholds (legend only)",society,L'invention de l'Europe (1990),4,not_implemented,Map legend + Alentejo/Andalusia geographic argument.
universal_suffrage_introduction_year,"Introduction of universal suffrage: Sweden 1911/1921, Austria 1907, Belgium 1919",markers,L'invention de l'Europe (1990),7,not_implemented,"Sweden/Austria/Belgium/UK/Norway, dated introduction."
unemployment_rate,"Unemployment rate, France, 1992 vs 2018",economy,Les Luttes de classes en France (2019),6,not_implemented,France ~9-10% vs Germany 3-4%.
birth_rate_fertility,Fertility index (France and regions),society,Les Luttes de classes en France (2019),5,not_implemented,Reinforcing citation.
infant_mortality,Infant mortality (qualitative level),mortality,Les Luttes de classes en France (2019),2,not_implemented,Reinforcing citation.
industrial_employment_share,Industrial employment share (maps and census),economy,Les Luttes de classes en France (2019),1,not_implemented,Eastern Europe vs France/South Europe comparison.
consanguineous_marriage_rate,First-cousin marriage frequency (Muslim world),society,Les Luttes de classes en France (2019),2,not_implemented,Pakistan/Maghreb citation.
suicide_rate,Suicide rate increase,mortality,Les Luttes de classes en France (2019),4,not_implemented,"French historical series, 1826-2015."
life_expectancy,Life expectancy at birth,mortality,Où en sommes-nous ? (2017),4,not_implemented,UN 11-country comparison table.
birth_rate_fertility,Onset dates of fertility decline (Table 7.1) + secularization marker,demography,Où en sommes-nous ? (2017),19,not_implemented,Onset dates + 23-country 2015 comparison.
consanguineous_marriage_rate,"First-cousin (consanguineous) marriage rates, world + Jewish case",society,Où en sommes-nous ? (2017),8,not_implemented,Reinforcing citation.
hiv_prevalence_rate,"HIV seroprevalence, Africa (women 15–49)",mortality,Où en sommes-nous ? (2017),1,not_implemented,"WHO/UNAIDS-style data, used by Todd as a patrilineality proxy."
unemployment_rate,Unemployment rate,economy,Où en sommes-nous ? (2017),2,not_implemented,Reinforcing citation.
top_income_share,"Top 1 % income share (Germany, persistence)",economy,Où en sommes-nous ? (2017),1,not_implemented,"Atkinson-Piketty 6-country table, 1900-2000."
infant_mortality,Infant mortality rate,mortality,Où en sommes-nous ? (2017),2,not_implemented,Multi-country comparison (Japan/Sweden/France/Germany/Korea/UK/US).
suicide_rate,Suicide rate,mortality,Où en sommes-nous ? (2017),1,not_implemented,Russia trend.
consanguineous_marriage_rate,First-cousin marriage frequency (Muslim world),society,Où en sont-elles ? (2021),1,not_implemented,Muslim-world citation.
birth_rate_fertility,Fertility index (France and regions),society,Où en sont-elles ? (2021),4,not_implemented,"US/Mexico, UK ethnic groups, Turkey, Germany-Turks."
birth_rate_fertility,"Fertility trends and contrasts: France 1950-2015, Germany, Third-Republic periphery",society,Qui est Charlie ? (2015),3,not_implemented,France 1950-2015 + Germany + Catholic-periphery comparison.
illegitimate_births,"Out-of-wedlock births, 1960 vs 2015 (id from Le Fou et le Prolétaire)",society,Qui est Charlie ? (2015),1,not_implemented,"France, 1960 vs 2015, tenfold rise."
incarceration_rate,"Persons taken into custody (écroués) and incarceration rate, 1980 vs 2014",society,Qui est Charlie ? (2015),1,not_implemented,"France écroués, 1980 vs 2014, +70% corrected for population."
homicide_rate,"Homicide count, France, 1996 vs 2013",mortality,Qui est Charlie ? (2015),1,not_implemented,"France, 1996 vs 2013 count."
unemployment_rate,"Unemployment levels: structural claim, departmental map, descendants by origin",economy,Qui est Charlie ? (2015),4,not_implemented,France >10% structural claim + departmental map + immigrant-origin breakdown.
top_income_share,"Income inequality structure, France (OECD reading)",economy,Qui est Charlie ? (2015),1,not_implemented,"OECD reading, France; top 1% pulling away."
secondary_education_share,Secondary-education attainment c. 1945: US vs Europe/Japan,society,Qui est Charlie ? (2015),1,not_implemented,"US vs Europe/Japan, c.1945."
suicide_rate,Suicide geography and trends (qualitative anchors),mortality,Qui est Charlie ? (2015),2,not_implemented,"Qualitative (Paris Basin history, elderly suicide trend)."
consanguineous_marriage_rate,First-cousin marriage rates in the Maghreb c. 2000,society,Qui est Charlie ? (2015),1,not_implemented,"Maghreb, ~25-35%, c.2000."
life_expectancy,"Life expectancy at 60, by sex, 1950-2015",mortality,Qui est Charlie ? (2015),2,not_implemented,"Life expectancy at 60 by sex, 1950-2015."
